{"cameraMode":{"drawMode":0,"name":"Shaded","section":"Shading Mode"},"sceneLighting":false,"audioPlay":false,"sceneViewState":{"m_AlwaysRefresh":false,"showFog":false,"showSkybox":false,"showFlares":false,"showImageEffects":true,"showParticleSystems":true,"showVisualEffectGraphs":true,"m_FxEnabled":true},"in2DMode":false,"pivot":{"x":219.20005798339845,"y":121.91263580322266,"z":-249.99644470214845},"rotation":{"x":0.001347468700259924,"y":0.9969407916069031,"z":-0.07672645896673203,"w":0.01730303280055523},"size":1.502964735031128,"orthographic":false}