{"cameraMode":{"drawMode":0,"name":"Shaded","section":"Shading Mode"},"sceneLighting":false,"audioPlay":false,"sceneViewState":{"m_AlwaysRefresh":false,"showFog":false,"showSkybox":false,"showFlares":false,"showImageEffects":true,"showParticleSystems":true,"showVisualEffectGraphs":true,"m_FxEnabled":true},"in2DMode":false,"pivot":{"x":-8.352897644042969,"y":-2.525336742401123,"z":7.3408050537109379},"rotation":{"x":0.14974187314510346,"y":0.009826048277318478,"z":-0.0014779652701690794,"w":0.9887076020240784},"size":1.0999354124069214,"orthographic":false}